image,actual,rater,estimate,method,error,abs_error
set_12_10_obj2.png,3.77,R1OLD,1.2,aidedold,-2.5700000000000003,2.5700000000000003
set_12_10_obj2.png,3.77,R2OLD,0.8,aidedold,-2.9699999999999998,2.9699999999999998
set_12_10_obj2.png,3.77,R1NEW,1,aidednew,-2.77,2.77
set_12_10_obj2.png,3.77,R2NEW,1.5,aidednew,-2.27,2.27
set_12_22_obj2.png,1.52,R1OLD,0.2,aidedold,-1.32,1.32
set_12_22_obj2.png,1.52,R2OLD,0.1,aidedold,-1.42,1.42
set_12_22_obj2.png,1.52,R1NEW,0.2,aidednew,-1.32,1.32
set_12_22_obj2.png,1.52,R2NEW,0.1,aidednew,-1.42,1.42
set_12_25_obj0.png,5.87,R1OLD,1,aidedold,-4.87,4.87
set_12_25_obj0.png,5.87,R2OLD,7,aidedold,1.13,1.13
set_12_25_obj0.png,5.87,R1NEW,2,aidednew,-3.87,3.87
set_12_25_obj0.png,5.87,R2NEW,8,aidednew,2.13,2.13
set_12_30_obj3.png,6.24,R1OLD,0.7,aidedold,-5.54,5.54
set_12_30_obj3.png,6.24,R2OLD,0.7,aidedold,-5.54,5.54
set_12_30_obj3.png,6.24,R1NEW,0.5,aidednew,-5.74,5.74
set_12_30_obj3.png,6.24,R2NEW,0.8,aidednew,-5.44,5.44
set_12_31_obj0.png,5.94,R1OLD,1.2,aidedold,-4.74,4.74
set_12_31_obj0.png,5.94,R2OLD,5,aidedold,-0.9400000000000004,0.9400000000000004
set_12_31_obj0.png,5.94,R1NEW,2.7,aidednew,-3.24,3.24
set_12_31_obj0.png,5.94,R2NEW,10,aidednew,4.06,4.06
set_12_31_obj1.png,5.57,R1OLD,1.9,aidedold,-3.6700000000000004,3.6700000000000004
set_12_31_obj1.png,5.57,R2OLD,1,aidedold,-4.57,4.57
set_12_31_obj1.png,5.57,R1NEW,5,aidednew,-0.5700000000000003,0.5700000000000003
set_12_31_obj1.png,5.57,R2NEW,3,aidednew,-2.5700000000000003,2.5700000000000003
set_12_37_obj3.png,6.7,R1OLD,4.5,aidedold,-2.2,2.2
set_12_37_obj3.png,6.7,R2OLD,3.5,aidedold,-3.2,3.2
set_12_37_obj3.png,6.7,R1NEW,5.5,aidednew,-1.2000000000000002,1.2000000000000002
set_12_37_obj3.png,6.7,R2NEW,5,aidednew,-1.7000000000000002,1.7000000000000002
set_12_4_obj1.png,0.61,R1OLD,0.5,aidedold,-0.10999999999999999,0.10999999999999999
set_12_4_obj1.png,0.61,R2OLD,0.5,aidedold,-0.10999999999999999,0.10999999999999999
set_12_4_obj1.png,0.61,R1NEW,0.5,aidednew,-0.10999999999999999,0.10999999999999999
set_12_4_obj1.png,0.61,R2NEW,0.5,aidednew,-0.10999999999999999,0.10999999999999999
set_12_4_obj2.png,0.77,R1OLD,0.2,aidedold,-0.5700000000000001,0.5700000000000001
set_12_4_obj2.png,0.77,R2OLD,0.2,aidedold,-0.5700000000000001,0.5700000000000001
set_12_4_obj2.png,0.77,R1NEW,0.2,aidednew,-0.5700000000000001,0.5700000000000001
set_12_4_obj2.png,0.77,R2NEW,0.5,aidednew,-0.27,0.27
set_12_4_obj3.png,1.18,R1OLD,0.7,aidedold,-0.48,0.48
set_12_4_obj3.png,1.18,R2OLD,0.2,aidedold,-0.98,0.98
set_12_4_obj3.png,1.18,R1NEW,0.7,aidednew,-0.48,0.48
set_12_4_obj3.png,1.18,R2NEW,0.2,aidednew,-0.98,0.98
set_12_42_obj3.png,1.21,R1OLD,1,aidedold,-0.20999999999999996,0.20999999999999996
set_12_42_obj3.png,1.21,R2OLD,0.8,aidedold,-0.4099999999999999,0.4099999999999999
set_12_42_obj3.png,1.21,R1NEW,2,aidednew,0.79,0.79
set_12_42_obj3.png,1.21,R2NEW,0.5,aidednew,-0.71,0.71
set_12_43_obj3.png,2.66,R1OLD,5.5,aidedold,2.84,2.84
set_12_43_obj3.png,2.66,R2OLD,4,aidedold,1.3399999999999999,1.3399999999999999
set_12_43_obj3.png,2.66,R1NEW,7,aidednew,4.34,4.34
set_12_43_obj3.png,2.66,R2NEW,5,aidednew,2.34,2.34
set_12_46_obj3.png,6.53,R1OLD,2.5,aidedold,-4.03,4.03
set_12_46_obj3.png,6.53,R2OLD,5,aidedold,-1.5300000000000002,1.5300000000000002
set_12_46_obj3.png,6.53,R1NEW,2.5,aidednew,-4.03,4.03
set_12_46_obj3.png,6.53,R2NEW,5,aidednew,-1.5300000000000002,1.5300000000000002
set_12_47_obj0.png,1.07,R1OLD,3,aidedold,1.93,1.93
set_12_47_obj0.png,1.07,R2OLD,3.5,aidedold,2.4299999999999997,2.4299999999999997
set_12_47_obj0.png,1.07,R1NEW,4,aidednew,2.9299999999999997,2.9299999999999997
set_12_47_obj0.png,1.07,R2NEW,3.5,aidednew,2.4299999999999997,2.4299999999999997
set_12_48_obj0.png,4.92,R1OLD,2.5,aidedold,-2.42,2.42
set_12_48_obj0.png,4.92,R2OLD,2,aidedold,-2.92,2.92
set_12_48_obj0.png,4.92,R1NEW,2.8,aidednew,-2.12,2.12
set_12_48_obj0.png,4.92,R2NEW,2,aidednew,-2.92,2.92
set_12_48_obj2.png,11.26,R1OLD,8,aidedold,-3.26,3.26
set_12_48_obj2.png,11.26,R2OLD,6,aidedold,-5.26,5.26
set_12_48_obj2.png,11.26,R1NEW,8.5,aidednew,-2.76,2.76
set_12_48_obj2.png,11.26,R2NEW,6,aidednew,-5.26,5.26
set_12_5_obj2.png,0,R1OLD,0,aidedold,0,0
set_12_5_obj2.png,0,R2OLD,0,aidedold,0,0
set_12_5_obj2.png,0,R1NEW,0,aidednew,0,0
set_12_5_obj2.png,0,R2NEW,0,aidednew,0,0
set_12_51_obj0.png,16.63,R1OLD,24,aidedold,7.370000000000001,7.370000000000001
set_12_51_obj0.png,16.63,R2OLD,10,aidedold,-6.629999999999999,6.629999999999999
set_12_51_obj0.png,16.63,R1NEW,25,aidednew,8.370000000000001,8.370000000000001
set_12_51_obj0.png,16.63,R2NEW,15,aidednew,-1.629999999999999,1.629999999999999
set_12_53_obj3.png,0.27,R1OLD,0.2,aidedold,-0.07,0.07
set_12_53_obj3.png,0.27,R2OLD,0.1,aidedold,-0.17,0.17
set_12_53_obj3.png,0.27,R1NEW,0.25,aidednew,-0.020000000000000018,0.020000000000000018
set_12_53_obj3.png,0.27,R2NEW,0.2,aidednew,-0.07,0.07
set_12_54_obj0.png,4.33,R1OLD,5,aidedold,0.6699999999999999,0.6699999999999999
set_12_54_obj0.png,4.33,R2OLD,4.5,aidedold,0.16999999999999993,0.16999999999999993
set_12_54_obj0.png,4.33,R1NEW,6,aidednew,1.67,1.67
set_12_54_obj0.png,4.33,R2NEW,4,aidednew,-0.33000000000000007,0.33000000000000007
set_12_57_obj2.png,7.81,R1OLD,8,aidedold,0.1900000000000004,0.1900000000000004
set_12_57_obj2.png,7.81,R2OLD,6,aidedold,-1.8099999999999996,1.8099999999999996
set_12_57_obj2.png,7.81,R1NEW,10,aidednew,2.1900000000000004,2.1900000000000004
set_12_57_obj2.png,7.81,R2NEW,7,aidednew,-0.8099999999999996,0.8099999999999996
set_12_57_obj3.png,5.18,R1OLD,0.5,aidedold,-4.68,4.68
set_12_57_obj3.png,5.18,R2OLD,0.2,aidedold,-4.9799999999999995,4.9799999999999995
set_12_57_obj3.png,5.18,R1NEW,2,aidednew,-3.1799999999999997,3.1799999999999997
set_12_57_obj3.png,5.18,R2NEW,4,aidednew,-1.1799999999999997,1.1799999999999997
set_12_66_obj1.png,0,R1OLD,0,aidedold,0,0
set_12_66_obj1.png,0,R2OLD,0,aidedold,0,0
set_12_66_obj1.png,0,R1NEW,0,aidednew,0,0
set_12_66_obj1.png,0,R2NEW,0,aidednew,0,0
set_12_66_obj2.png,0,R1OLD,0.2,aidedold,0.2,0.2
set_12_66_obj2.png,0,R2OLD,0,aidedold,0,0
set_12_66_obj2.png,0,R1NEW,0.7,aidednew,0.7,0.7
set_12_66_obj2.png,0,R2NEW,0,aidednew,0,0
set_12_68_obj1.png,0.33,R1OLD,0,aidedold,-0.33,0.33
set_12_68_obj1.png,0.33,R2OLD,0,aidedold,-0.33,0.33
set_12_68_obj1.png,0.33,R1NEW,0.7,aidednew,0.36999999999999994,0.36999999999999994
set_12_68_obj1.png,0.33,R2NEW,0,aidednew,-0.33,0.33
set_12_7_obj2.png,0,R1OLD,0,aidedold,0,0
set_12_7_obj2.png,0,R2OLD,0,aidedold,0,0
set_12_7_obj2.png,0,R1NEW,0,aidednew,0,0
set_12_7_obj2.png,0,R2NEW,0,aidednew,0,0
set_12_7_obj3.png,2.49,R1OLD,0.5,aidedold,-1.9900000000000002,1.9900000000000002
set_12_7_obj3.png,2.49,R2OLD,1.5,aidedold,-0.9900000000000002,0.9900000000000002
set_12_7_obj3.png,2.49,R1NEW,0.5,aidednew,-1.9900000000000002,1.9900000000000002
set_12_7_obj3.png,2.49,R2NEW,1,aidednew,-1.4900000000000002,1.4900000000000002
set_12_74_obj0.png,7.88,R1OLD,5,aidedold,-2.88,2.88
set_12_74_obj0.png,7.88,R2OLD,5.6,aidedold,-2.2800000000000002,2.2800000000000002
set_12_74_obj0.png,7.88,R1NEW,6,aidednew,-1.88,1.88
set_12_74_obj0.png,7.88,R2NEW,5,aidednew,-2.88,2.88
set_12_74_obj1.png,2.01,R1OLD,1.5,aidedold,-0.5099999999999998,0.5099999999999998
set_12_74_obj1.png,2.01,R2OLD,1.2,aidedold,-0.8099999999999998,0.8099999999999998
set_12_74_obj1.png,2.01,R1NEW,1.5,aidednew,-0.5099999999999998,0.5099999999999998
set_12_74_obj1.png,2.01,R2NEW,1.2,aidednew,-0.8099999999999998,0.8099999999999998
set_12_74_obj2.png,1.16,R1OLD,1.2,aidedold,0.040000000000000036,0.040000000000000036
set_12_74_obj2.png,1.16,R2OLD,0.8,aidedold,-0.3599999999999999,0.3599999999999999
set_12_74_obj2.png,1.16,R1NEW,1.5,aidednew,0.3400000000000001,0.3400000000000001
set_12_74_obj2.png,1.16,R2NEW,1,aidednew,-0.15999999999999992,0.15999999999999992
set_12_77_obj3.png,3.64,R1OLD,4.7,aidedold,1.06,1.06
set_12_77_obj3.png,3.64,R2OLD,7,aidedold,3.36,3.36
set_12_77_obj3.png,3.64,R1NEW,6,aidednew,2.36,2.36
set_12_77_obj3.png,3.64,R2NEW,8,aidednew,4.359999999999999,4.359999999999999
set_12_78_obj0.png,1.45,R1OLD,1.1,aidedold,-0.34999999999999987,0.34999999999999987
set_12_78_obj0.png,1.45,R2OLD,2,aidedold,0.55,0.55
set_12_78_obj0.png,1.45,R1NEW,1.1,aidednew,-0.34999999999999987,0.34999999999999987
set_12_78_obj0.png,1.45,R2NEW,2,aidednew,0.55,0.55
set_12_78_obj1.png,8.79,R1OLD,12,aidedold,3.210000000000001,3.210000000000001
set_12_78_obj1.png,8.79,R2OLD,6,aidedold,-2.789999999999999,2.789999999999999
set_12_78_obj1.png,8.79,R1NEW,10,aidednew,1.2100000000000009,1.2100000000000009
set_12_78_obj1.png,8.79,R2NEW,10,aidednew,1.2100000000000009,1.2100000000000009
set_15_11_obj2.png,11.2,R1OLD,4,aidedold,-7.199999999999999,7.199999999999999
set_15_11_obj2.png,11.2,R2OLD,4.7,aidedold,-6.499999999999999,6.499999999999999
set_15_11_obj2.png,11.2,R1NEW,3,aidednew,-8.2,8.2
set_15_11_obj2.png,11.2,R2NEW,8,aidednew,-3.1999999999999993,3.1999999999999993
set_15_11_obj3.png,3.65,R1OLD,3.5,aidedold,-0.1499999999999999,0.1499999999999999
set_15_11_obj3.png,3.65,R2OLD,2.5,aidedold,-1.15,1.15
set_15_11_obj3.png,3.65,R1NEW,2.8,aidednew,-0.8500000000000001,0.8500000000000001
set_15_11_obj3.png,3.65,R2NEW,3.2,aidednew,-0.44999999999999973,0.44999999999999973
set_15_12_obj0.png,6.77,R1OLD,3.5,aidedold,-3.2699999999999996,3.2699999999999996
set_15_12_obj0.png,6.77,R2OLD,1.5,aidedold,-5.27,5.27
set_15_12_obj0.png,6.77,R1NEW,5,aidednew,-1.7699999999999996,1.7699999999999996
set_15_12_obj0.png,6.77,R2NEW,1.1,aidednew,-5.67,5.67
set_15_12_obj1.png,12.19,R1OLD,2,aidedold,-10.19,10.19
set_15_12_obj1.png,12.19,R2OLD,5.5,aidedold,-6.6899999999999995,6.6899999999999995
set_15_12_obj1.png,12.19,R1NEW,3,aidednew,-9.19,9.19
set_15_12_obj1.png,12.19,R2NEW,7,aidednew,-5.1899999999999995,5.1899999999999995
set_15_13_obj1.png,14.57,R1OLD,12,aidedold,-2.5700000000000003,2.5700000000000003
set_15_13_obj1.png,14.57,R2OLD,12.6,aidedold,-1.9700000000000006,1.9700000000000006
set_15_13_obj1.png,14.57,R1NEW,15,aidednew,0.4299999999999997,0.4299999999999997
set_15_13_obj1.png,14.57,R2NEW,16,aidednew,1.4299999999999997,1.4299999999999997
set_15_13_obj2.png,6.97,R1OLD,7.5,aidedold,0.5300000000000002,0.5300000000000002
set_15_13_obj2.png,6.97,R2OLD,10,aidedold,3.0300000000000002,3.0300000000000002
set_15_13_obj2.png,6.97,R1NEW,15,aidednew,8.030000000000001,8.030000000000001
set_15_13_obj2.png,6.97,R2NEW,12,aidednew,5.03,5.03
set_15_13_obj4.png,1.81,R1OLD,0.6,aidedold,-1.21,1.21
set_15_13_obj4.png,1.81,R2OLD,1.2,aidedold,-0.6100000000000001,0.6100000000000001
set_15_13_obj4.png,1.81,R1NEW,0.6,aidednew,-1.21,1.21
set_15_13_obj4.png,1.81,R2NEW,0.7,aidednew,-1.11,1.11
set_15_17_obj0.png,14,R1OLD,18,aidedold,4,4
set_15_17_obj0.png,14,R2OLD,27,aidedold,13,13
set_15_17_obj0.png,14,R1NEW,20,aidednew,6,6
set_15_17_obj0.png,14,R2NEW,30,aidednew,16,16
set_15_17_obj1.png,12.01,R1OLD,9,aidedold,-3.01,3.01
set_15_17_obj1.png,12.01,R2OLD,7,aidedold,-5.01,5.01
set_15_17_obj1.png,12.01,R1NEW,9.5,aidednew,-2.51,2.51
set_15_17_obj1.png,12.01,R2NEW,7.5,aidednew,-4.51,4.51
set_15_17_obj2.png,8.75,R1OLD,10,aidedold,1.25,1.25
set_15_17_obj2.png,8.75,R2OLD,4.5,aidedold,-4.25,4.25
set_15_17_obj2.png,8.75,R1NEW,13,aidednew,4.25,4.25
set_15_17_obj2.png,8.75,R2NEW,5,aidednew,-3.75,3.75
set_15_20_obj2.png,29.86,R1OLD,14,aidedold,-15.86,15.86
set_15_20_obj2.png,29.86,R2OLD,15,aidedold,-14.86,14.86
set_15_20_obj2.png,29.86,R1NEW,20,aidednew,-9.86,9.86
set_15_20_obj2.png,29.86,R2NEW,17,aidednew,-12.86,12.86
set_15_21_obj0.png,11.04,R1OLD,5.5,aidedold,-5.539999999999999,5.539999999999999
set_15_21_obj0.png,11.04,R2OLD,7,aidedold,-4.039999999999999,4.039999999999999
set_15_21_obj0.png,11.04,R1NEW,5,aidednew,-6.039999999999999,6.039999999999999
set_15_21_obj0.png,11.04,R2NEW,10,aidednew,-1.0399999999999991,1.0399999999999991
set_15_21_obj1.png,1.08,R1OLD,1.5,aidedold,0.41999999999999993,0.41999999999999993
set_15_21_obj1.png,1.08,R2OLD,3,aidedold,1.92,1.92
set_15_21_obj1.png,1.08,R1NEW,1,aidednew,-0.08000000000000007,0.08000000000000007
set_15_21_obj1.png,1.08,R2NEW,5,aidednew,3.92,3.92
set_15_22_obj1.png,7.6,R1OLD,4,aidedold,-3.5999999999999996,3.5999999999999996
set_15_22_obj1.png,7.6,R2OLD,3.5,aidedold,-4.1,4.1
set_15_22_obj1.png,7.6,R1NEW,3,aidednew,-4.6,4.6
set_15_22_obj1.png,7.6,R2NEW,4,aidednew,-3.5999999999999996,3.5999999999999996
set_15_22_obj2.png,1.3,R1OLD,0.3,aidedold,-1,1
set_15_22_obj2.png,1.3,R2OLD,0.36,aidedold,-0.9400000000000001,0.9400000000000001
set_15_22_obj2.png,1.3,R1NEW,0.2,aidednew,-1.1,1.1
set_15_22_obj2.png,1.3,R2NEW,0.3,aidednew,-1,1
set_15_22_obj3.png,0,R1OLD,0,aidedold,0,0
set_15_22_obj3.png,0,R2OLD,0,aidedold,0,0
set_15_22_obj3.png,0,R1NEW,0,aidednew,0,0
set_15_22_obj3.png,0,R2NEW,0,aidednew,0,0
set_15_24_obj0.png,17.18,R1OLD,12,aidedold,-5.18,5.18
set_15_24_obj0.png,17.18,R2OLD,14,aidedold,-3.1799999999999997,3.1799999999999997
set_15_24_obj0.png,17.18,R1NEW,12.5,aidednew,-4.68,4.68
set_15_24_obj0.png,17.18,R2NEW,14,aidednew,-3.1799999999999997,3.1799999999999997
set_15_24_obj3.png,10.6,R1OLD,1,aidedold,-9.6,9.6
set_15_24_obj3.png,10.6,R2OLD,5.5,aidedold,-5.1,5.1
set_15_24_obj3.png,10.6,R1NEW,1,aidednew,-9.6,9.6
set_15_24_obj3.png,10.6,R2NEW,5,aidednew,-5.6,5.6
set_15_25_obj0.png,5.74,R1OLD,7,aidedold,1.2599999999999998,1.2599999999999998
set_15_25_obj0.png,5.74,R2OLD,7.5,aidedold,1.7599999999999998,1.7599999999999998
set_15_25_obj0.png,5.74,R1NEW,7,aidednew,1.2599999999999998,1.2599999999999998
set_15_25_obj0.png,5.74,R2NEW,7,aidednew,1.2599999999999998,1.2599999999999998
set_15_25_obj1.png,11.21,R1OLD,15,aidedold,3.789999999999999,3.789999999999999
set_15_25_obj1.png,11.21,R2OLD,5,aidedold,-6.210000000000001,6.210000000000001
set_15_25_obj1.png,11.21,R1NEW,15,aidednew,3.789999999999999,3.789999999999999
set_15_25_obj1.png,11.21,R2NEW,3.5,aidednew,-7.710000000000001,7.710000000000001
set_15_25_obj2.png,6.27,R1OLD,1.2,aidedold,-5.069999999999999,5.069999999999999
set_15_25_obj2.png,6.27,R2OLD,1,aidedold,-5.27,5.27
set_15_25_obj2.png,6.27,R1NEW,1,aidednew,-5.27,5.27
set_15_25_obj2.png,6.27,R2NEW,1,aidednew,-5.27,5.27
set_15_31_obj1.png,39.96,R1OLD,50,aidedold,10.04,10.04
set_15_31_obj1.png,39.96,R2OLD,60,aidedold,20.04,20.04
set_15_31_obj1.png,39.96,R1NEW,50,aidednew,10.04,10.04
set_15_31_obj1.png,39.96,R2NEW,55,aidednew,15.04,15.04
set_15_38_obj2.png,27.81,R1OLD,40,aidedold,12.190000000000001,12.190000000000001
set_15_38_obj2.png,27.81,R2OLD,46,aidedold,18.19,18.19
set_15_38_obj2.png,27.81,R1NEW,48,aidednew,20.19,20.19
set_15_38_obj2.png,27.81,R2NEW,45,aidednew,17.19,17.19
set_15_6_obj0.png,5.57,R1OLD,2,aidedold,-3.5700000000000003,3.5700000000000003
set_15_6_obj0.png,5.57,R2OLD,1,aidedold,-4.57,4.57
set_15_6_obj0.png,5.57,R1NEW,3,aidednew,-2.5700000000000003,2.5700000000000003
set_15_6_obj0.png,5.57,R2NEW,1.5,aidednew,-4.07,4.07
set_15_6_obj1.png,1.89,R1OLD,1,aidedold,-0.8899999999999999,0.8899999999999999
set_15_6_obj1.png,1.89,R2OLD,1,aidedold,-0.8899999999999999,0.8899999999999999
set_15_6_obj1.png,1.89,R1NEW,1,aidednew,-0.8899999999999999,0.8899999999999999
set_15_6_obj1.png,1.89,R2NEW,1.2,aidednew,-0.69,0.69
set_15_6_obj2.png,4.34,R1OLD,5,aidedold,0.6600000000000001,0.6600000000000001
set_15_6_obj2.png,4.34,R2OLD,7,aidedold,2.66,2.66
set_15_6_obj2.png,4.34,R1NEW,5,aidednew,0.6600000000000001,0.6600000000000001
set_15_6_obj2.png,4.34,R2NEW,6,aidednew,1.6600000000000001,1.6600000000000001
set_15_6_obj3.png,6.54,R1OLD,3,aidedold,-3.54,3.54
set_15_6_obj3.png,6.54,R2OLD,2.5,aidedold,-4.04,4.04
set_15_6_obj3.png,6.54,R1NEW,3,aidednew,-3.54,3.54
set_15_6_obj3.png,6.54,R2NEW,2,aidednew,-4.54,4.54
set_15_76_obj0.png,5.53,R1OLD,2,aidedold,-3.5300000000000002,3.5300000000000002
set_15_76_obj0.png,5.53,R2OLD,1.9,aidedold,-3.6300000000000003,3.6300000000000003
set_15_76_obj0.png,5.53,R1NEW,2.2,aidednew,-3.33,3.33
set_15_76_obj0.png,5.53,R2NEW,1.2,aidednew,-4.33,4.33
set_15_77_obj0.png,13.97,R1OLD,3.6,aidedold,-10.370000000000001,10.370000000000001
set_15_77_obj0.png,13.97,R2OLD,8,aidedold,-5.970000000000001,5.970000000000001
set_15_77_obj0.png,13.97,R1NEW,5,aidednew,-8.97,8.97
set_15_77_obj0.png,13.97,R2NEW,10,aidednew,-3.9700000000000006,3.9700000000000006
set_15_9_obj0.png,5.71,R1OLD,1,aidedold,-4.71,4.71
set_15_9_obj0.png,5.71,R2OLD,0.6,aidedold,-5.11,5.11
set_15_9_obj0.png,5.71,R1NEW,1,aidednew,-4.71,4.71
set_15_9_obj0.png,5.71,R2NEW,1.2,aidednew,-4.51,4.51
set_15_9_obj1.png,3.75,R1OLD,1,aidedold,-2.75,2.75
set_15_9_obj1.png,3.75,R2OLD,1,aidedold,-2.75,2.75
set_15_9_obj1.png,3.75,R1NEW,1.2,aidednew,-2.55,2.55
set_15_9_obj1.png,3.75,R2NEW,1.5,aidednew,-2.25,2.25
set_15_9_obj2.png,4.15,R1OLD,0,aidedold,-4.15,4.15
set_15_9_obj2.png,4.15,R2OLD,2,aidedold,-2.1500000000000004,2.1500000000000004
set_15_9_obj2.png,4.15,R1NEW,2.5,aidednew,-1.6500000000000004,1.6500000000000004
set_15_9_obj2.png,4.15,R2NEW,2,aidednew,-2.1500000000000004,2.1500000000000004
set_16_10_obj0.png,11.05,R1OLD,15,aidedold,3.9499999999999993,3.9499999999999993
set_16_10_obj0.png,11.05,R2OLD,7.5,aidedold,-3.5500000000000007,3.5500000000000007
set_16_10_obj0.png,11.05,R1NEW,10,aidednew,-1.0500000000000007,1.0500000000000007
set_16_10_obj0.png,11.05,R2NEW,17,aidednew,5.949999999999999,5.949999999999999
set_16_14_obj0.png,40.69,R1OLD,60,aidedold,19.310000000000002,19.310000000000002
set_16_14_obj0.png,40.69,R2OLD,35,aidedold,-5.689999999999998,5.689999999999998
set_16_14_obj0.png,40.69,R1NEW,38,aidednew,-2.6899999999999977,2.6899999999999977
set_16_14_obj0.png,40.69,R2NEW,63,aidednew,22.310000000000002,22.310000000000002
set_16_14_obj2.png,43.37,R1OLD,35,aidedold,-8.369999999999997,8.369999999999997
set_16_14_obj2.png,43.37,R2OLD,38,aidedold,-5.3699999999999974,5.3699999999999974
set_16_14_obj2.png,43.37,R1NEW,40,aidednew,-3.3699999999999974,3.3699999999999974
set_16_14_obj2.png,43.37,R2NEW,34,aidednew,-9.369999999999997,9.369999999999997
set_16_14_obj9.png,23.59,R1OLD,18,aidedold,-5.59,5.59
set_16_14_obj9.png,23.59,R2OLD,11,aidedold,-12.59,12.59
set_16_14_obj9.png,23.59,R1NEW,20,aidednew,-3.59,3.59
set_16_14_obj9.png,23.59,R2NEW,9,aidednew,-14.59,14.59
set_16_15_obj1.png,6.99,R1OLD,5.6,aidedold,-1.3900000000000006,1.3900000000000006
set_16_15_obj1.png,6.99,R2OLD,7,aidedold,0.009999999999999787,0.009999999999999787
set_16_15_obj1.png,6.99,R1NEW,8,aidednew,1.0099999999999998,1.0099999999999998
set_16_15_obj1.png,6.99,R2NEW,8,aidednew,1.0099999999999998,1.0099999999999998
set_16_15_obj2.png,20.93,R1OLD,10,aidedold,-10.93,10.93
set_16_15_obj2.png,20.93,R2OLD,25,aidedold,4.07,4.07
set_16_15_obj2.png,20.93,R1NEW,11,aidednew,-9.93,9.93
set_16_15_obj2.png,20.93,R2NEW,32,aidednew,11.07,11.07
set_16_16_obj0.png,6.55,R1OLD,8,aidedold,1.4500000000000002,1.4500000000000002
set_16_16_obj0.png,6.55,R2OLD,4,aidedold,-2.55,2.55
set_16_16_obj0.png,6.55,R1NEW,7,aidednew,0.4500000000000002,0.4500000000000002
set_16_16_obj0.png,6.55,R2NEW,3,aidednew,-3.55,3.55
set_16_19_obj1.png,28.92,R1OLD,25,aidedold,-3.9200000000000017,3.9200000000000017
set_16_19_obj1.png,28.92,R2OLD,20,aidedold,-8.920000000000002,8.920000000000002
set_16_19_obj1.png,28.92,R1NEW,23,aidednew,-5.920000000000002,5.920000000000002
set_16_19_obj1.png,28.92,R2NEW,30,aidednew,1.0799999999999983,1.0799999999999983
set_16_2_obj1.png,14.62,R1OLD,15,aidedold,0.3800000000000008,0.3800000000000008
set_16_2_obj1.png,14.62,R2OLD,25,aidedold,10.38,10.38
set_16_2_obj1.png,14.62,R1NEW,12,aidednew,-2.619999999999999,2.619999999999999
set_16_2_obj1.png,14.62,R2NEW,25,aidednew,10.38,10.38
set_16_28_obj0.png,30.83,R1OLD,22,aidedold,-8.829999999999998,8.829999999999998
set_16_28_obj0.png,30.83,R2OLD,40,aidedold,9.170000000000002,9.170000000000002
set_16_28_obj0.png,30.83,R1NEW,25,aidednew,-5.829999999999998,5.829999999999998
set_16_28_obj0.png,30.83,R2NEW,35,aidednew,4.170000000000002,4.170000000000002
set_16_29_obj0.png,26.98,R1OLD,19,aidedold,-7.98,7.98
set_16_29_obj0.png,26.98,R2OLD,13,aidedold,-13.98,13.98
set_16_29_obj0.png,26.98,R1NEW,23,aidednew,-3.9800000000000004,3.9800000000000004
set_16_29_obj0.png,26.98,R2NEW,18,aidednew,-8.98,8.98
set_16_38_obj0.png,7.1,R1OLD,4,aidedold,-3.0999999999999996,3.0999999999999996
set_16_38_obj0.png,7.1,R2OLD,3,aidedold,-4.1,4.1
set_16_38_obj0.png,7.1,R1NEW,5,aidednew,-2.0999999999999996,2.0999999999999996
set_16_38_obj0.png,7.1,R2NEW,4,aidednew,-3.0999999999999996,3.0999999999999996
set_16_39_obj3.png,1.38,R1OLD,2.5,aidedold,1.12,1.12
set_16_39_obj3.png,1.38,R2OLD,3,aidedold,1.62,1.62
set_16_39_obj3.png,1.38,R1NEW,2.5,aidednew,1.12,1.12
set_16_39_obj3.png,1.38,R2NEW,1.5,aidednew,0.1200000000000001,0.1200000000000001
set_16_40_obj0.png,26.35,R1OLD,25,aidedold,-1.3500000000000014,1.3500000000000014
set_16_40_obj0.png,26.35,R2OLD,35,aidedold,8.649999999999999,8.649999999999999
set_16_40_obj0.png,26.35,R1NEW,30,aidednew,3.6499999999999986,3.6499999999999986
set_16_40_obj0.png,26.35,R2NEW,33,aidednew,6.649999999999999,6.649999999999999
set_16_44_obj4.png,5.4,R1OLD,5,aidedold,-0.40000000000000036,0.40000000000000036
set_16_44_obj4.png,5.4,R2OLD,3.3,aidedold,-2.1000000000000005,2.1000000000000005
set_16_44_obj4.png,5.4,R1NEW,3,aidednew,-2.4000000000000004,2.4000000000000004
set_16_44_obj4.png,5.4,R2NEW,5,aidednew,-0.40000000000000036,0.40000000000000036
set_16_44_obj5.png,2.94,R1OLD,2.3,aidedold,-0.6400000000000001,0.6400000000000001
set_16_44_obj5.png,2.94,R2OLD,0.7,aidedold,-2.24,2.24
set_16_44_obj5.png,2.94,R1NEW,2.7,aidednew,-0.23999999999999977,0.23999999999999977
set_16_44_obj5.png,2.94,R2NEW,0.5,aidednew,-2.44,2.44
set_16_55_obj0.png,16.69,R1OLD,14,aidedold,-2.6900000000000013,2.6900000000000013
set_16_55_obj0.png,16.69,R2OLD,14,aidedold,-2.6900000000000013,2.6900000000000013
set_16_55_obj0.png,16.69,R1NEW,16,aidednew,-0.6900000000000013,0.6900000000000013
set_16_55_obj0.png,16.69,R2NEW,20,aidednew,3.3099999999999987,3.3099999999999987
set_16_6_obj3.png,11.36,R1OLD,12,aidedold,0.6400000000000006,0.6400000000000006
set_16_6_obj3.png,11.36,R2OLD,10,aidedold,-1.3599999999999994,1.3599999999999994
set_16_6_obj3.png,11.36,R1NEW,8,aidednew,-3.3599999999999994,3.3599999999999994
set_16_6_obj3.png,11.36,R2NEW,12,aidednew,0.6400000000000006,0.6400000000000006
set_16_62_obj0.png,16.59,R1OLD,13,aidedold,-3.59,3.59
set_16_62_obj0.png,16.59,R2OLD,15,aidedold,-1.5899999999999999,1.5899999999999999
set_16_62_obj0.png,16.59,R1NEW,13,aidednew,-3.59,3.59
set_16_62_obj0.png,16.59,R2NEW,15,aidednew,-1.5899999999999999,1.5899999999999999
set_16_63_obj3.png,6.83,R1OLD,14,aidedold,7.17,7.17
set_16_63_obj3.png,6.83,R2OLD,10,aidedold,3.17,3.17
set_16_63_obj3.png,6.83,R1NEW,9.5,aidednew,2.67,2.67
set_16_63_obj3.png,6.83,R2NEW,5.6,aidednew,-1.2300000000000004,1.2300000000000004
set_16_64_obj0.png,22.85,R1OLD,9,aidedold,-13.850000000000001,13.850000000000001
set_16_64_obj0.png,22.85,R2OLD,15,aidedold,-7.850000000000001,7.850000000000001
set_16_64_obj0.png,22.85,R1NEW,9,aidednew,-13.850000000000001,13.850000000000001
set_16_64_obj0.png,22.85,R2NEW,12,aidednew,-10.850000000000001,10.850000000000001
set_16_64_obj1.png,33.85,R1OLD,47,aidedold,13.149999999999999,13.149999999999999
set_16_64_obj1.png,33.85,R2OLD,50,aidedold,16.15,16.15
set_16_64_obj1.png,33.85,R1NEW,53,aidednew,19.15,19.15
set_16_64_obj1.png,33.85,R2NEW,50,aidednew,16.15,16.15
set_16_64_obj2.png,7.95,R1OLD,2.8,aidedold,-5.15,5.15
set_16_64_obj2.png,7.95,R2OLD,4,aidedold,-3.95,3.95
set_16_64_obj2.png,7.95,R1NEW,3,aidednew,-4.95,4.95
set_16_64_obj2.png,7.95,R2NEW,4.5,aidednew,-3.45,3.45
set_16_67_obj0.png,14.57,R1OLD,12.3,aidedold,-2.2699999999999996,2.2699999999999996
set_16_67_obj0.png,14.57,R2OLD,10,aidedold,-4.57,4.57
set_16_67_obj0.png,14.57,R1NEW,14,aidednew,-0.5700000000000003,0.5700000000000003
set_16_67_obj0.png,14.57,R2NEW,10,aidednew,-4.57,4.57
set_16_7_obj2.png,5.17,R1OLD,1.5,aidedold,-3.67,3.67
set_16_7_obj2.png,5.17,R2OLD,3,aidedold,-2.17,2.17
set_16_7_obj2.png,5.17,R1NEW,2,aidednew,-3.17,3.17
set_16_7_obj2.png,5.17,R2NEW,3,aidednew,-2.17,2.17
set_16_71_obj3.png,14.06,R1OLD,16,aidedold,1.9399999999999995,1.9399999999999995
set_16_71_obj3.png,14.06,R2OLD,17,aidedold,2.9399999999999995,2.9399999999999995
set_16_71_obj3.png,14.06,R1NEW,17,aidednew,2.9399999999999995,2.9399999999999995
set_16_71_obj3.png,14.06,R2NEW,20,aidednew,5.9399999999999995,5.9399999999999995
set_16_75_obj0.png,1.54,R1OLD,1,aidedold,-0.54,0.54
set_16_75_obj0.png,1.54,R2OLD,1.2,aidedold,-0.3400000000000001,0.3400000000000001
set_16_75_obj0.png,1.54,R1NEW,1,aidednew,-0.54,0.54
set_16_75_obj0.png,1.54,R2NEW,1,aidednew,-0.54,0.54
set_16_75_obj1.png,4.01,R1OLD,2,aidedold,-2.01,2.01
set_16_75_obj1.png,4.01,R2OLD,2.4,aidedold,-1.6099999999999999,1.6099999999999999
set_16_75_obj1.png,4.01,R1NEW,2,aidednew,-2.01,2.01
set_16_75_obj1.png,4.01,R2NEW,2,aidednew,-2.01,2.01
set_16_75_obj2.png,1.14,R1OLD,1,aidedold,-0.1399999999999999,0.1399999999999999
set_16_75_obj2.png,1.14,R2OLD,0.5,aidedold,-0.6399999999999999,0.6399999999999999
set_16_75_obj2.png,1.14,R1NEW,0.8,aidednew,-0.33999999999999986,0.33999999999999986
set_16_75_obj2.png,1.14,R2NEW,0.8,aidednew,-0.33999999999999986,0.33999999999999986
set_16_79_obj1.png,18.94,R1OLD,17,aidedold,-1.9400000000000013,1.9400000000000013
set_16_79_obj1.png,18.94,R2OLD,18,aidedold,-0.9400000000000013,0.9400000000000013
set_16_79_obj1.png,18.94,R1NEW,15,aidednew,-3.9400000000000013,3.9400000000000013
set_16_79_obj1.png,18.94,R2NEW,20,aidednew,1.0599999999999987,1.0599999999999987
set_16_86_obj0.png,19.69,R1OLD,14,aidedold,-5.690000000000001,5.690000000000001
set_16_86_obj0.png,19.69,R2OLD,10,aidedold,-9.690000000000001,9.690000000000001
set_16_86_obj0.png,19.69,R1NEW,20,aidednew,0.3099999999999987,0.3099999999999987
set_16_86_obj0.png,19.69,R2NEW,12,aidednew,-7.690000000000001,7.690000000000001
